id,colsample_bytree,learning_rate,max_depth,alpha,n_estimators,seed,total_train_error_1296,total_val_error_324,train_error_CO_1,train_error_CO_2,train_error_CO_3,train_error_CO_4,train_error_CO_5,train_error_CO_6,val_error_CO_1,val_error_CO_2,val_error_CO_3,val_error_CO_4,val_error_CO_5,val_error_CO_6
0.0,0.3,0.1,1.0,10.0,200.0,3.0,0.038580246913580245,0.29012345679012347,0.17307692307692307,0.04807692307692308,0.03308823529411765,0.0625,0.003676470588235294,0.0,0.34615384615384615,0.2692307692307692,0.4117647058823529,0.20588235294117646,0.11764705882352941,0.4117647058823529
