id,colsample_bytree,learning_rate,max_depth,alpha,n_estimators,seed,total_train_error_1296,total_val_error_324,train_error_CO_1,train_error_CO_2,train_error_CO_3,train_error_CO_4,train_error_CO_5,train_error_CO_6,val_error_CO_1,val_error_CO_2,val_error_CO_3,val_error_CO_4,val_error_CO_5,val_error_CO_6
0,"0.3, 0.3, 0.3, 0.3, 0.3, 0.3","0.25, 0.025, 0.2, 0.2, 0.2, 0.2","1.0, 1.0, 1.0, 1.0, 1.0, 1.0","10.0, 10.0, 10.0, 10.0, 10.0, 10.0","100.0, 150.0, 100.0, 200.0, 250.0, 100.0","3.0, 3.0, 3.0, 3.0, 3.0, 3.0",0.0015432098765432098,0.25925925925925924,0.0,0.019230769230769232,0.0,0.0,0.0,0.0,0.2692307692307692,0.2692307692307692,0.3382352941176471,0.20588235294117646,0.10294117647058823,0.38235294117647056
